%Atmospheric Pressure [Pa],Atmospheric Temperature [K],Atmospheric Density [kg/m^3],Airspeed [m/s],Pitot Dynamic Pressure [Pa],Aux Dynamic Pressure [Pa],Scanivalve Pressure 1 [Pa],Scanivalve Pressure 2 [Pa],Scanivalve Pressure 3 [Pa],Scanivalve Pressure 4 [Pa],Scanivalve Pressure 5 [Pa],Scanivalve Pressure 6 [Pa],Scanivalve Pressure 7 [Pa],Scanivalve Pressure 8 [Pa],Scanivalve Pressure 9 [Pa],Scanivalve Pressure 10 [Pa],Scanivalve Pressure 11 [Pa],Scanivalve Pressure 12 [Pa],Scanivalve Pressure 13 [Pa],Scanivalve Pressure 14 [Pa],Scanivalve Pressure 15 [Pa],Scanivalve Pressure 16 [Pa],Angle of Attack [deg],Sting Normal Force [N],Sting Axial Force [N],Sting Pitching Moment [Nm],ELD Probe X axis [mm],ELD Probe Y axis [mm]
100816.290,301.870,1.163,9.961,57.715,-0.088,-8.214,24.563,2.890,-16.286,-19.757,-22.418,-18.686,-14.341,-10.494,-18.755,-31.736,-49.701,-49.866,-51.411,-50.060,-48.973,-7.000,-0.000,-0.000,0.000,-172.151,215.724
100828.385,301.868,1.164,9.960,57.715,-0.248,-7.674,24.563,3.212,-16.286,-18.785,-22.625,-17.831,-12.843,-10.717,-20.526,-31.420,-50.020,-50.389,-51.829,-48.299,-50.211,-7.000,-0.000,-0.000,0.000,-172.184,215.724
100824.353,301.867,1.164,9.953,57.636,-0.088,-8.214,24.898,3.105,-16.599,-18.893,-21.587,-18.686,-13.592,-9.266,-25.215,-32.474,-50.020,-48.298,-50.993,-49.853,-50.324,-7.000,-0.000,-0.000,0.000,-172.151,215.765
100812.259,301.868,1.163,9.947,57.557,-0.248,-9.403,25.009,3.854,-17.017,-19.001,-21.691,-18.365,-13.485,-9.824,-22.506,-34.161,-47.046,-46.416,-53.500,-51.201,-53.138,-7.000,-0.000,-0.000,0.000,-172.184,215.754
100828.385,301.865,1.164,9.960,57.715,-0.088,-10.160,24.563,3.426,-15.555,-19.217,-21.795,-18.365,-13.378,-9.712,-20.943,-32.791,-45.135,-47.671,-52.456,-53.377,-54.602,-7.000,-0.000,-0.000,0.000,-172.135,215.744
100820.322,301.863,1.164,9.926,57.320,0.072,-11.457,25.344,3.533,-16.077,-18.354,-22.521,-18.472,-13.057,-10.047,-23.652,-31.314,-46.090,-47.880,-54.023,-54.414,-56.403,-7.000,-0.000,-0.000,0.000,-172.168,215.744
100816.290,301.868,1.163,9.947,57.557,-0.088,-12.321,24.898,3.426,-15.451,-18.893,-21.795,-18.259,-12.950,-9.154,-22.610,-30.260,-44.179,-46.312,-55.799,-55.554,-57.416,-7.000,-0.000,-0.000,0.000,-172.135,215.734
100816.290,301.868,1.163,9.940,57.478,-0.088,-13.402,24.898,4.175,-16.704,-18.893,-21.899,-17.831,-13.806,-10.270,-19.067,-30.893,-43.542,-48.507,-54.650,-56.797,-59.668,-7.000,-0.000,-0.000,0.000,-172.151,215.754
100824.353,301.867,1.164,9.960,57.715,0.072,-13.726,24.563,3.854,-15.973,-19.001,-22.521,-18.259,-13.271,-10.605,-17.400,-27.519,-45.666,-46.834,-57.994,-58.974,-59.555,-7.000,-0.000,-0.000,0.000,-172.184,215.734
100824.353,301.868,1.164,9.974,57.873,0.072,-14.807,25.233,3.426,-16.286,-18.030,-22.729,-18.259,-13.378,-10.717,-14.587,-29.522,-41.312,-50.702,-59.770,-60.114,-62.370,-7.000,-0.000,-0.000,0.000,-172.168,215.744
100828.385,301.870,1.164,9.980,57.952,-0.088,-15.780,25.679,3.854,-15.764,-18.893,-22.106,-18.686,-14.020,-10.828,-15.733,-27.734,-43.011,-49.343,-60.711,-60.529,-63.270,-7.000,-0.000,-0.000,0.000,-172.119,215.734
100828.385,301.870,1.164,9.980,57.952,0.232,-17.509,25.344,4.389,-16.599,-18.677,-21.795,-18.365,-14.234,-10.270,-14.900,-26.890,-42.586,-50.180,-61.651,-60.321,-63.721,-7.000,-0.000,-0.000,0.000,-172.168,215.734
100828.385,301.865,1.164,9.960,57.715,0.232,-16.969,24.563,3.961,-16.495,-19.001,-22.521,-18.579,-13.378,-10.270,-15.108,-25.730,-43.011,-51.121,-61.651,-61.358,-63.721,-7.000,-0.000,-0.000,0.000,-172.151,215.734
100820.322,301.868,1.164,9.954,57.636,0.232,-17.401,25.456,2.997,-16.077,-19.325,-22.625,-18.686,-13.806,-9.489,-14.483,-25.730,-41.736,-52.062,-61.547,-61.047,-63.383,-7.000,-0.000,-0.000,0.000,-172.168,215.724
100816.290,301.873,1.163,9.961,57.715,0.232,-17.509,25.679,3.854,-16.390,-19.217,-21.795,-19.433,-13.378,-9.600,-15.316,-24.887,-44.073,-52.062,-61.965,-60.322,-61.807,-7.000,-0.000,-0.000,0.000,-172.135,215.724
100816.290,301.865,1.163,9.960,57.715,0.072,-16.969,25.568,4.389,-16.077,-19.217,-21.380,-17.831,-14.020,-9.489,-14.274,-24.676,-44.391,-52.062,-60.084,-59.389,-60.906,-7.000,-0.000,-0.000,0.000,-172.119,215.754
100824.353,301.860,1.164,9.960,57.715,-0.088,-16.107,24.786,4.389,-15.660,-18.785,-22.625,-18.045,-13.057,-10.047,-13.337,-25.309,-45.241,-52.793,-59.979,-58.767,-60.118,-7.000,-0.000,-0.000,0.000,-172.151,215.734
100828.385,301.867,1.164,9.946,57.557,-0.088,-14.918,26.237,3.747,-15.660,-18.354,-22.002,-19.006,-13.164,-9.377,-14.691,-24.887,-44.498,-52.793,-60.397,-57.731,-58.767,-7.000,-0.000,-0.000,0.000,-172.135,215.744
100820.322,301.865,1.164,9.953,57.636,0.072,-14.485,25.902,4.817,-16.599,-18.785,-22.002,-18.472,-12.629,-9.266,-14.170,-24.254,-45.984,-51.748,-60.397,-57.627,-57.867,-7.000,-0.000,-0.000,0.000,-172.119,215.765
100832.416,301.865,1.164,9.967,57.794,0.072,-14.161,25.121,3.533,-15.555,-19.001,-21.380,-18.152,-13.485,-9.489,-12.816,-25.309,-46.303,-52.793,-58.830,-57.212,-56.628,-7.000,-0.000,-0.000,0.000,-172.119,215.734
100824.353,301.896,1.163,20.061,234.110,-0.568,-84.316,98.794,-3.207,-93.124,-101.361,-112.175,-103.892,-88.188,-61.845,-6.878,-26.992,-56.392,-75.583,-115.047,-312.180,-371.068,-7.000,-0.000,-0.000,0.000,-170.977,215.734
100816.290,301.891,1.163,20.065,234.189,-0.728,-83.235,98.139,-2.138,-93.332,-101.685,-111.345,-104.640,-88.830,-62.180,-6.565,-26.886,-56.604,-74.329,-118.287,-310.107,-371.068,-7.000,-0.000,-0.000,0.000,-171.026,215.724
100816.290,301.888,1.163,20.061,234.110,-0.889,-83.560,98.251,-2.245,-92.393,-101.793,-111.553,-103.786,-88.830,-61.622,-6.461,-26.570,-56.817,-75.165,-115.570,-307.930,-371.969,-7.000,-0.000,-0.000,0.000,-171.026,215.744
100824.353,301.889,1.163,20.054,233.952,-1.049,-82.587,97.804,-2.352,-92.392,-100.821,-111.553,-104.213,-87.974,-62.738,-6.357,-26.148,-57.454,-74.956,-114.838,-308.656,-373.995,-7.000,-0.000,-0.000,0.000,-170.977,215.744
100816.290,301.889,1.163,20.058,234.031,-0.568,-84.424,98.697,-2.993,-93.019,-101.361,-111.553,-104.960,-88.402,-62.738,-6.774,-27.203,-56.392,-75.165,-115.256,-307.412,-374.896,-7.000,-0.000,-0.000,0.000,-171.026,215.734
100816.290,301.888,1.163,20.058,234.031,-1.049,-85.614,97.469,-2.458,-93.958,-101.901,-111.569,-104.213,-88.937,-62.961,-6.774,-27.835,-56.923,-74.851,-115.988,-309.174,-374.558,-7.000,-0.000,-0.000,0.000,-171.042,215.734
100808.228,301.889,1.163,20.052,233.872,-1.049,-85.397,97.804,-3.100,-93.541,-102.872,-112.192,-104.533,-89.044,-63.296,-6.148,-27.097,-57.454,-75.583,-115.779,-307.101,-375.797,-7.000,-0.000,-0.000,0.000,-171.075,215.734
100820.322,301.889,1.163,20.058,234.031,-0.889,-85.830,97.916,-3.207,-93.019,-101.145,-112.607,-104.106,-89.044,-62.961,-7.295,-26.675,-56.498,-74.956,-115.570,-310.003,-375.346,-7.000,-0.000,-0.000,0.000,-171.091,215.724
100824.353,301.884,1.164,20.057,234.031,-0.728,-85.181,97.469,-3.420,-92.706,-101.793,-111.777,-104.853,-89.472,-63.631,-8.024,-26.570,-56.392,-74.851,-117.242,-309.381,-375.009,-7.000,-0.000,-0.000,0.000,-171.059,215.734
100820.322,301.891,1.163,20.068,234.268,-0.728,-87.559,97.469,-3.420,-94.063,-102.224,-111.777,-104.212,-89.258,-63.743,-7.294,-27.624,-56.923,-75.060,-114.316,-311.558,-372.757,-7.000,-0.000,-0.000,0.000,-171.107,215.734
100820.322,301.889,1.163,20.064,234.189,-0.889,-84.316,96.911,-3.207,-92.914,-101.685,-111.984,-103.999,-88.401,-63.408,-7.085,-26.152,-57.348,-73.911,-115.047,-312.698,-373.095,-7.000,-0.000,-0.000,0.000,-171.075,215.734
100828.385,301.892,1.164,20.064,234.189,-1.049,-83.560,98.585,-3.100,-92.497,-101.361,-112.088,-103.999,-88.508,-62.403,-7.294,-26.258,-55.755,-74.851,-115.674,-310.418,-372.307,-7.000,-0.000,-0.000,0.000,-171.059,215.744
100832.416,301.884,1.164,20.060,234.110,-1.049,-83.235,97.581,-2.458,-93.436,-101.469,-111.880,-105.494,-88.723,-63.073,-6.773,-26.680,-55.861,-74.224,-117.346,-309.796,-373.207,-7.000,-0.000,-0.000,0.000,-171.107,215.724
100828.385,301.889,1.164,20.057,234.031,-1.049,-84.316,98.139,-2.886,-92.497,-101.901,-111.569,-103.678,-89.258,-62.738,-5.939,-26.363,-55.967,-73.702,-114.211,-308.863,-372.982,-7.000,-0.000,-0.000,0.000,-171.124,215.744
100816.290,301.891,1.163,20.055,233.952,-1.049,-83.127,97.804,-2.779,-92.288,-101.145,-111.361,-104.212,-87.866,-62.292,-6.252,-25.836,-56.605,-74.015,-114.420,-307.828,-372.870,-7.000,-0.000,-0.000,0.000,-171.140,215.734
100820.322,301.888,1.163,20.054,233.952,-1.369,-83.884,98.809,-3.527,-92.706,-101.361,-111.777,-104.533,-88.294,-62.292,-7.606,-26.047,-56.605,-75.374,-116.406,-309.797,-372.758,-7.000,-0.000,-0.000,0.000,-171.140,215.734
100824.353,301.888,1.163,20.054,233.952,-1.209,-84.411,97.469,-2.458,-94.063,-101.793,-111.777,-104.533,-89.151,-63.073,-7.294,-26.469,-56.817,-74.956,-117.242,-311.559,-373.996,-7.000,-0.000,-0.000,0.000,-171.124,215.734
100824.353,301.891,1.163,20.057,234.031,-1.209,-84.627,97.357,-2.993,-93.228,-102.440,-111.673,-103.892,-89.258,-62.850,-6.460,-26.258,-56.498,-73.493,-114.734,-312.388,-371.632,-7.000,-0.000,-0.000,0.000,-171.140,215.744
100824.353,301.891,1.163,20.057,234.031,-1.369,-83.655,98.474,-2.245,-92.497,-101.145,-112.192,-103.572,-87.866,-62.403,-5.626,-25.414,-55.224,-73.597,-116.510,-311.248,-372.195,-7.000,-0.000,-0.000,0.000,-171.156,215.754
100828.385,301.888,1.164,20.060,234.110,-1.209,-83.222,98.809,-2.565,-92.184,-101.145,-110.842,-104.426,-88.401,-61.399,-6.564,-25.625,-55.967,-72.865,-116.406,-311.974,-371.970,-7.000,-0.000,-0.000,0.000,-171.189,215.744
100844.511,301.909,1.164,29.835,517.906,-2.970,-282.784,225.718,-3.955,-210.363,-228.737,-249.982,-235.226,-200.777,-144.565,-13.443,-63.262,-127.758,-178.033,-270.847,-482.365,-902.900,-7.000,-0.000,-0.000,0.000,-170.276,215.734
100848.542,301.907,1.164,29.828,517.669,-3.290,-284.406,225.976,-4.169,-209.841,-228.953,-250.605,-233.731,-200.991,-144.454,-13.339,-63.894,-128.183,-178.347,-270.011,-483.194,-902.563,-7.000,-0.000,-0.000,0.000,-170.276,215.734
100844.511,301.905,1.164,29.819,517.353,-3.610,-282.676,224.413,-4.276,-209.528,-228.197,-249.775,-233.838,-199.707,-142.556,-12.192,-62.207,-128.289,-177.197,-268.444,-482.365,-899.191,-7.000,-0.000,-0.000,0.000,-170.308,215.734
100840.479,301.904,1.164,29.822,517.432,-3.610,-281.271,226.646,-4.489,-208.692,-227.333,-249.878,-234.372,-199.279,-141.663,-12.922,-63.262,-127.227,-178.452,-269.907,-484.127,-903.575,-7.000,-0.000,-0.000,0.000,-170.276,215.744
100848.542,301.907,1.164,29.819,517.353,-3.770,-282.676,224.636,-5.451,-211.198,-229.924,-251.539,-236.187,-201.312,-144.900,-14.902,-64.211,-129.245,-178.870,-270.847,-487.133,-901.327,-7.000,-0.000,-0.000,0.000,-170.259,215.744
100844.511,301.909,1.164,29.822,517.432,-3.290,-282.568,226.088,-3.848,-209.318,-227.765,-249.188,-232.877,-200.028,-141.886,-12.505,-61.469,-127.440,-176.883,-268.757,-484.231,-901.664,-7.000,-0.000,-0.000,0.000,-170.276,215.734
100840.479,301.905,1.164,29.815,517.195,-3.130,-279.757,224.971,-4.917,-208.692,-227.765,-249.914,-233.731,-199.814,-143.896,-14.485,-63.051,-129.351,-178.974,-269.802,-484.956,-902.451,-7.000,-0.000,-0.000,0.000,-170.243,215.744
100836.448,301.910,1.164,29.812,517.037,-3.450,-283.649,226.423,-6.093,-210.154,-228.089,-250.226,-234.478,-200.670,-144.342,-15.110,-62.524,-128.183,-179.392,-269.802,-484.645,-903.800,-7.000,-0.000,-0.000,0.000,-170.259,215.754
100848.542,301.904,1.164,29.803,516.800,-3.130,-284.297,224.190,-4.703,-210.884,-228.305,-250.330,-235.012,-200.991,-144.789,-14.172,-62.946,-128.502,-178.452,-271.683,-485.785,-901.776,-7.000,-0.000,-0.000,0.000,-170.243,215.754
100852.574,301.907,1.164,29.804,516.879,-3.130,-283.973,225.306,-4.489,-210.049,-228.845,-250.537,-234.692,-202.275,-145.012,-14.587,-63.156,-128.502,-179.183,-270.325,-487.651,-906.160,-7.000,-0.000,-0.000,0.000,-170.243,215.744
100848.542,301.907,1.164,29.805,516.879,-3.130,-284.622,222.515,-6.734,-211.511,-229.492,-252.717,-236.507,-202.168,-148.250,-16.879,-64.432,-130.201,-180.438,-271.579,-487.236,-905.935,-7.000,-0.000,-0.000,0.000,-170.210,215.734
100848.542,301.902,1.164,29.793,516.484,-3.290,-286.676,224.636,-6.734,-211.302,-229.384,-251.679,-235.653,-201.633,-146.352,-16.567,-63.588,-129.139,-179.915,-271.161,-485.993,-906.722,-7.000,-0.000,-0.000,0.000,-170.210,215.744
100852.574,301.902,1.164,29.797,516.642,-3.770,-286.784,224.078,-6.093,-212.868,-229.924,-251.679,-236.507,-202.917,-148.808,-17.609,-65.170,-130.520,-180.856,-272.415,-487.858,-907.846,-7.000,-0.000,-0.000,0.000,-170.210,215.734
100848.542,301.905,1.164,29.784,516.168,-3.450,-287.865,223.632,-7.162,-211.928,-230.572,-252.302,-236.293,-203.131,-148.026,-17.088,-63.272,-128.714,-179.393,-269.384,-486.200,-905.373,-7.000,-0.000,-0.000,0.000,-170.194,215.754
100852.574,301.904,1.164,29.786,516.247,-3.770,-284.189,224.413,-4.383,-209.110,-227.549,-250.433,-233.304,-199.385,-144.789,-13.649,-62.217,-127.865,-177.197,-268.966,-483.611,-903.687,-7.000,-0.000,-0.000,0.000,-170.162,215.734
100856.605,301.905,1.164,29.781,516.088,-3.450,-283.649,225.530,-5.451,-211.198,-229.168,-250.641,-235.439,-201.526,-144.342,-15.004,-63.799,-128.502,-179.079,-270.116,-485.062,-904.588,-7.000,-0.000,-0.000,0.000,-170.178,215.724
100844.511,301.902,1.164,29.783,516.088,-3.450,-285.333,225.306,-5.451,-211.406,-228.737,-251.056,-234.585,-200.456,-143.449,-13.024,-63.061,-127.758,-176.884,-270.011,-481.123,-902.565,-7.000,-0.000,-0.000,0.000,-170.162,215.734
100832.416,301.909,1.164,29.787,516.168,-3.610,-281.875,225.753,-4.062,-209.005,-228.845,-250.122,-234.478,-199.599,-142.780,-13.128,-62.112,-128.183,-177.511,-269.175,-481.227,-903.014,-7.000,-0.000,-0.000,0.000,-170.162,215.744
100848.542,301.905,1.164,29.780,516.009,-3.450,-282.523,226.646,-5.879,-211.093,-229.384,-251.886,-235.226,-201.205,-144.231,-14.379,-63.166,-128.183,-178.766,-269.802,-482.056,-902.677,-7.000,-0.000,-0.000,0.000,-170.162,215.744
100836.448,301.910,1.164,29.786,516.168,-3.610,-282.523,226.423,-5.238,-210.154,-228.197,-249.811,-234.265,-199.171,-141.775,-13.753,-62.006,-126.803,-177.093,-268.966,-479.361,-897.844,-7.000,-0.000,-0.000,0.000,-170.194,215.734
100844.511,301.912,1.164,9.994,58.110,-0.728,53.591,-29.428,-37.519,-33.825,-25.583,-28.018,-26.160,-26.649,-26.569,-12.401,-6.326,-8.708,-5.227,-9.718,-12.541,-15.874,3.000,-0.000,-0.000,0.000,-171.564,215.754
100836.448,301.912,1.164,9.981,57.952,-0.568,54.241,-28.648,-36.771,-33.408,-25.583,-26.876,-27.334,-26.756,-27.239,-11.880,-5.799,-8.815,-4.913,-9.718,-11.919,-14.410,3.000,-0.000,-0.000,0.000,-171.580,215.734
100828.385,301.909,1.163,9.988,58.031,-0.408,53.483,-29.651,-36.343,-33.199,-25.367,-26.980,-26.267,-27.184,-26.011,-11.359,-6.537,-8.071,-4.809,-9.509,-11.816,-14.748,3.000,-0.000,-0.000,0.000,-171.597,215.744
100824.353,301.915,1.163,9.988,58.031,-0.568,54.674,-30.209,-37.305,-33.303,-25.475,-27.292,-27.014,-26.114,-25.676,-11.880,-5.904,-9.133,-4.913,-9.300,-12.126,-14.636,3.000,-0.000,-0.000,0.000,-171.564,215.744
100824.353,301.912,1.163,9.968,57.794,-0.728,54.458,-28.871,-38.053,-33.199,-25.799,-27.395,-27.121,-26.542,-25.564,-11.776,-6.115,-8.177,-5.332,-9.822,-11.816,-14.523,3.000,-0.000,-0.000,0.000,-171.597,215.754
100828.385,301.917,1.163,9.988,58.031,-0.728,54.025,-29.094,-36.984,-33.721,-26.015,-27.088,-27.548,-26.435,-26.346,-11.359,-5.799,-8.496,-4.704,-9.718,-11.712,-13.960,3.000,-0.000,-0.000,0.000,-171.597,215.744
100832.416,301.915,1.163,9.988,58.031,-0.889,54.241,-29.428,-37.091,-34.034,-26.015,-27.711,-25.946,-27.398,-26.680,-10.421,-6.010,-8.496,-4.809,-8.673,-12.230,-13.510,3.000,-0.000,-0.000,0.000,-171.662,215.734
100844.511,301.909,1.164,9.980,57.952,-0.568,54.674,-29.986,-37.732,-34.034,-25.907,-27.296,-26.267,-26.435,-29.136,-11.150,-5.799,-8.284,-4.704,-8.882,-11.608,-13.397,3.000,-0.000,-0.000,0.000,-171.629,215.734
100820.322,301.917,1.163,10.002,58.189,-0.568,54.241,-29.763,-38.053,-34.138,-26.555,-27.607,-27.014,-27.077,-27.350,-11.567,-5.799,-8.071,-5.332,-8.777,-11.816,-13.622,3.000,-0.000,-0.000,0.000,-171.613,215.754
100836.448,301.917,1.164,9.994,58.110,-0.568,54.674,-29.428,-37.519,-34.973,-25.799,-27.814,-27.441,-27.612,-27.015,-10.524,-5.904,-7.965,-4.913,-9.718,-11.505,-13.285,3.000,-0.000,-0.000,0.000,-171.613,215.754
100836.448,301.913,1.164,9.981,57.952,-0.408,54.674,-30.431,-37.625,-34.138,-26.447,-28.126,-27.441,-28.575,-28.243,-11.044,-5.272,-8.177,-4.913,-8.359,-12.230,-13.735,3.000,-0.000,-0.000,0.000,-171.662,215.734
100840.479,301.913,1.164,10.001,58.189,-0.728,54.349,-30.543,-38.053,-34.869,-26.555,-27.814,-27.655,-27.612,-29.248,-11.461,-5.694,-8.390,-4.704,-9.195,-11.505,-14.410,3.000,-0.000,-0.000,0.000,-171.597,215.744
100836.448,301.912,1.164,10.001,58.189,-0.568,54.133,-30.209,-38.908,-34.765,-26.447,-28.230,-28.082,-28.896,-29.025,-11.774,-6.115,-8.390,-5.227,-9.300,-12.023,-13.172,3.000,-0.000,-0.000,0.000,-171.662,215.724
100832.416,301.915,1.163,9.981,57.952,-0.728,54.025,-30.766,-37.946,-35.391,-26.231,-28.333,-28.295,-28.789,-29.136,-11.149,-6.432,-8.071,-5.123,-10.031,-11.816,-13.622,3.000,-0.000,-0.000,0.000,-171.662,215.744
100840.479,301.907,1.164,9.974,57.873,-0.568,54.349,-31.212,-38.160,-34.973,-26.878,-28.749,-28.509,-29.110,-29.695,-11.149,-4.956,-8.708,-4.600,-8.777,-12.541,-13.735,3.000,-0.000,-0.000,0.000,-171.678,215.754
100840.479,301.909,1.164,9.980,57.952,-0.568,53.808,-30.654,-38.160,-35.182,-26.878,-29.475,-28.402,-28.682,-30.364,-11.565,-5.483,-8.496,-5.018,-8.777,-10.986,-14.636,3.000,-0.000,-0.000,0.000,-171.678,215.734
100836.448,301.912,1.164,9.987,58.031,-0.248,53.916,-30.766,-38.588,-35.182,-27.526,-28.230,-28.936,-29.217,-28.467,-11.982,-5.904,-8.284,-4.913,-9.300,-11.712,-13.510,3.000,-0.000,-0.000,0.000,-171.662,215.754
100840.479,301.915,1.164,9.994,58.110,-0.568,53.375,-30.320,-38.694,-35.913,-27.310,-28.956,-28.509,-29.431,-28.690,-11.149,-6.326,-8.602,-5.123,-9.195,-11.194,-13.735,3.000,-0.000,-0.000,0.000,-171.711,215.724
100840.479,301.917,1.164,9.994,58.110,-0.088,54.458,-31.100,-38.374,-35.287,-27.310,-28.852,-29.150,-29.324,-28.132,-11.044,-5.377,-8.708,-5.227,-8.882,-11.505,-13.510,3.000,-0.000,-0.000,0.000,-171.695,215.754
100840.479,301.913,1.164,9.974,57.873,-0.568,54.241,-30.431,-38.481,-35.704,-27.418,-29.579,-28.829,-29.003,-28.243,-11.565,-5.799,-8.071,-4.913,-8.882,-11.297,-13.510,3.000,-0.000,-0.000,0.000,-171.711,215.744
100828.385,301.928,1.163,20.126,235.611,-1.209,233.564,-286.368,-306.242,-312.673,-257.490,-226.771,-210.987,-197.137,-47.891,19.522,23.347,22.453,26.388,21.770,26.788,42.300,3.000,-109.922,-58.040,0.000,-111.206,215.775
100832.416,301.926,1.163,20.135,235.848,-1.049,233.780,-286.925,-306.883,-311.211,-258.029,-226.252,-211.094,-195.318,-49.565,20.253,24.404,22.346,26.597,21.980,26.165,40.721,3.000,-109.922,-58.040,0.000,-111.189,215.744
100828.385,301.926,1.163,20.126,235.611,-1.209,234.105,-286.591,-306.837,-311.733,-257.058,-227.497,-211.735,-195.853,-49.788,19.104,23.664,22.559,26.074,21.770,26.165,40.157,3.000,-109.922,-58.040,0.000,-111.173,215.744
100816.290,301.925,1.163,20.127,235.611,-1.529,233.347,-286.257,-306.302,-311.212,-257.382,-226.356,-210.880,-197.887,-48.560,18.896,23.453,22.133,26.178,21.666,25.854,40.608,3.000,-109.922,-58.040,0.000,-111.206,215.734
100824.353,301.925,1.163,20.116,235.374,-1.049,232.589,-287.037,-306.195,-312.778,-257.706,-227.186,-211.414,-197.351,-51.016,18.687,22.080,21.601,25.445,20.828,25.127,39.705,3.000,-109.922,-58.040,0.000,-111.189,215.744
100824.353,301.923,1.163,20.129,235.690,-1.209,232.265,-287.594,-307.478,-312.256,-258.570,-227.705,-212.055,-199.064,-51.351,18.269,22.819,20.537,25.236,21.038,25.438,39.367,3.000,-109.922,-58.040,0.000,-111.189,215.734
100824.353,301.925,1.163,20.123,235.532,-1.209,231.831,-287.371,-308.012,-313.195,-257.922,-228.847,-211.842,-199.599,-49.788,18.165,22.925,21.176,25.131,20.724,25.127,38.690,3.000,-109.922,-58.040,0.000,-111.173,215.744
100824.353,301.930,1.163,20.130,235.690,-1.209,232.156,-286.591,-307.264,-313.091,-257.706,-226.978,-212.696,-198.529,-49.230,17.956,22.819,21.388,26.074,21.038,25.750,39.818,3.000,-109.922,-58.040,0.000,-111.173,215.754
100828.385,301.926,1.163,20.126,235.611,-1.209,232.048,-287.148,-306.623,-312.569,-257.598,-226.875,-211.415,-198.422,-49.007,18.582,22.713,21.282,25.864,21.142,26.165,39.593,3.000,-109.922,-58.040,0.000,-111.173,215.744
100828.385,301.926,1.163,20.129,235.690,-1.049,232.806,-287.929,-307.264,-312.464,-257.706,-227.601,-211.415,-198.422,-48.896,18.583,23.242,21.601,25.864,21.666,25.957,40.157,3.000,-109.922,-58.040,0.000,-111.157,215.713
100836.448,301.926,1.163,20.138,235.927,-1.529,233.564,-286.591,-307.585,-312.464,-257.598,-227.601,-211.949,-197.780,-49.119,18.791,23.242,21.814,25.026,20.933,26.061,40.044,3.000,-109.922,-58.040,0.000,-111.157,215.734
100836.448,301.930,1.163,20.132,235.769,-0.889,233.023,-287.148,-307.157,-312.778,-258.678,-227.497,-212.269,-198.422,-48.672,19.000,23.347,21.176,25.655,20.410,25.334,40.044,3.000,-109.922,-58.040,0.000,-111.206,215.744
100828.385,301.928,1.163,20.129,235.690,-1.209,233.456,-287.706,-307.585,-313.195,-258.570,-227.394,-211.735,-200.348,-50.682,18.687,22.925,21.176,25.127,21.247,24.712,39.593,3.000,-109.922,-58.040,0.000,-111.173,215.744
100824.353,301.925,1.163,20.140,235.927,-1.369,232.914,-288.263,-307.585,-312.360,-257.382,-227.394,-210.881,-198.208,-49.565,19.104,23.347,21.814,26.279,21.352,25.750,40.157,3.000,-109.922,-58.040,0.000,-111.173,215.744
100824.353,301.926,1.163,20.133,235.769,-1.529,233.889,-286.702,-307.692,-311.838,-257.598,-226.667,-210.881,-199.064,-47.668,18.791,23.664,22.133,25.756,21.561,26.062,41.172,3.000,-109.922,-58.040,0.000,-111.157,215.754
100828.385,301.926,1.163,20.126,235.611,-1.209,233.672,-286.814,-306.195,-312.986,-257.814,-226.771,-212.055,-198.743,-50.235,19.835,23.242,22.027,26.593,20.619,26.685,40.834,3.000,-109.922,-58.040,0.000,-111.173,215.744
100828.385,301.926,1.163,20.126,235.611,-1.209,233.781,-287.483,-306.943,-312.151,-257.490,-226.875,-211.735,-197.566,-50.012,19.731,23.664,21.814,26.384,21.980,25.854,41.172,3.000,-109.922,-58.040,0.000,-111.141,215.734
100828.385,301.925,1.163,20.132,235.769,-1.209,233.998,-287.706,-306.730,-312.464,-257.490,-227.809,-212.055,-196.817,-51.686,18.896,23.242,21.921,26.070,21.352,25.854,39.931,3.000,-109.922,-58.040,0.000,-111.173,215.734
100832.416,301.926,1.163,20.129,235.690,-0.889,233.673,-286.703,-308.440,-313.091,-258.354,-227.705,-212.483,-198.422,-52.133,17.956,22.608,21.176,25.651,20.829,25.231,40.157,3.000,-109.922,-58.040,0.000,-111.173,215.765
100840.479,301.931,1.164,20.128,235.690,-1.209,232.590,-286.926,-307.264,-313.299,-257.922,-227.497,-211.735,-200.134,-50.905,18.896,22.397,21.708,25.232,21.143,25.958,40.270,3.000,-109.922,-58.040,0.000,-111.222,215.744
100840.479,301.933,1.164,30.730,549.360,-3.610,555.054,-695.792,-743.986,-763.625,-631.363,-557.121,-510.492,-370.409,-136.505,48.022,52.611,53.950,57.898,49.925,60.222,96.331,3.000,-0.000,-0.000,0.000,-168.612,215.754
100840.479,301.933,1.164,30.721,549.044,-3.610,554.296,-693.343,-744.306,-763.000,-631.363,-556.394,-509.745,-365.272,-135.612,47.709,53.984,54.695,58.107,50.449,60.429,95.541,3.000,-0.000,-0.000,0.000,-168.596,215.754
100848.542,301.931,1.164,30.720,549.044,-3.930,555.163,-695.013,-743.986,-763.833,-631.039,-556.394,-510.172,-366.342,-134.608,49.171,54.195,55.121,58.945,50.553,61.571,99.151,3.000,-0.000,-0.000,0.000,-168.531,215.754
100844.511,301.934,1.164,30.725,549.202,-3.770,557.003,-693.677,-742.705,-761.645,-629.960,-555.149,-508.570,-363.132,-132.487,51.050,55.569,56.398,60.410,52.123,62.506,98.925,3.000,-0.000,-0.000,0.000,-168.580,215.754
100840.479,301.930,1.164,30.723,549.123,-4.090,557.328,-694.011,-742.599,-762.374,-630.080,-556.083,-509.531,-365.272,-134.161,49.171,53.984,55.440,59.573,51.391,61.675,98.249,3.000,-0.000,-0.000,0.000,-168.563,215.734
100840.479,301.930,1.164,30.725,549.202,-4.090,556.354,-692.453,-743.239,-760.291,-629.648,-553.696,-507.289,-362.704,-130.143,50.737,56.203,57.674,62.295,53.170,64.271,100.505,3.000,-0.000,-0.000,0.000,-168.596,215.744
100832.416,301.931,1.163,30.724,549.123,-4.090,558.195,-692.341,-740.998,-761.124,-629.108,-555.149,-508.143,-365.165,-132.599,49.693,52.505,54.163,59.468,50.030,60.533,98.136,3.000,-0.000,-0.000,0.000,-168.596,215.754
100832.416,301.928,1.163,30.726,549.202,-3.930,554.838,-692.453,-744.200,-762.062,-631.591,-555.252,-508.997,-366.342,-133.827,48.544,55.146,54.376,59.678,51.914,61.675,98.587,3.000,-0.000,-0.000,0.000,-168.547,215.754
100836.448,301.933,1.163,30.724,549.123,-3.930,556.679,-692.341,-741.318,-760.499,-628.676,-554.734,-507.716,-367.627,-133.291,47.500,53.033,53.737,57.584,50.135,60.325,95.654,3.000,-0.000,-0.000,0.000,-168.580,215.744
100844.511,301.930,1.164,30.727,549.281,-3.770,552.889,-692.453,-743.986,-762.374,-630.835,-555.875,-509.851,-367.948,-134.742,45.517,52.082,54.057,57.374,50.030,58.872,96.105,3.000,-0.000,-0.000,0.000,-168.580,215.744
100836.448,301.931,1.163,30.728,549.281,-3.770,552.780,-691.228,-741.745,-760.916,-628.892,-554.318,-507.716,-363.453,-133.737,47.918,52.717,54.163,58.421,49.507,60.845,94.526,3.000,-0.000,-0.000,0.000,-168.580,215.744
100844.511,301.933,1.164,30.734,549.518,-3.930,553.430,-693.677,-742.599,-761.645,-630.080,-555.356,-509.104,-363.346,-135.747,47.813,53.034,53.418,58.212,50.763,59.391,95.203,3.000,-0.000,-0.000,0.000,-168.563,215.734
100840.479,301.931,1.164,30.730,549.360,-3.930,553.214,-691.005,-742.065,-760.499,-629.000,-555.149,-507.716,-363.667,-132.509,48.335,53.667,54.376,57.375,50.239,60.014,94.639,3.000,-0.000,-0.000,0.000,-168.514,215.754
100840.479,301.930,1.164,30.732,549.439,-3.930,553.430,-692.675,-742.065,-761.958,-629.756,-554.941,-509.745,-364.202,-134.184,47.709,52.400,53.737,57.584,49.088,59.079,94.865,3.000,-0.000,-0.000,0.000,-168.580,215.744
100848.542,301.930,1.164,30.731,549.439,-4.411,551.914,-692.564,-742.599,-761.437,-629.864,-555.356,-508.356,-365.165,-134.184,47.291,52.717,53.418,57.479,49.507,58.872,94.752,3.000,-0.000,-0.000,0.000,-168.580,215.724
100844.511,301.928,1.164,30.738,549.676,-4.090,552.456,-693.454,-742.705,-761.541,-630.080,-555.460,-509.638,-364.737,-135.412,46.665,51.977,52.780,57.270,49.298,58.561,92.947,3.000,-0.000,-0.000,0.000,-168.514,215.724
100820.322,301.930,1.163,30.735,549.439,-4.250,550.963,-693.009,-743.879,-762.270,-631.051,-556.602,-510.278,-366.556,-136.863,44.890,51.766,52.780,56.013,49.088,58.768,94.301,3.000,-0.000,-0.000,0.000,-168.547,215.754
100840.479,301.926,1.164,30.734,549.518,-4.090,551.396,-691.785,-741.531,-761.541,-629.756,-554.941,-508.677,-366.877,-134.965,46.456,52.717,52.780,56.956,48.146,59.391,92.383,3.000,-0.000,-0.000,0.000,-168.580,215.765
100844.511,301.926,1.164,30.733,549.518,-4.090,551.180,-693.343,-743.239,-762.583,-631.807,-556.290,-510.172,-370.516,-136.975,43.742,51.871,51.716,56.223,48.356,56.588,92.496,3.000,-0.000,-0.000,0.000,-168.580,215.734
100828.385,301.928,1.163,30.745,549.834,-4.090,550.638,-693.900,-743.666,-762.376,-630.511,-556.705,-510.492,-367.627,-137.980,44.264,52.400,52.780,56.432,48.565,57.730,90.804,3.000,-0.000,-0.000,0.000,-168.563,215.744
100824.353,301.910,1.163,10.069,58.980,-0.248,38.543,-59.637,-40.832,-37.375,-38.537,-41.508,-40.361,-40.562,-40.411,-14.589,-2.530,1.809,8.376,11.409,19.001,26.734,13.000,-0.000,-0.000,0.000,-166.720,215.744
100824.353,301.909,1.163,10.056,58.822,-0.408,38.434,-59.525,-39.550,-38.314,-38.860,-41.508,-41.642,-40.562,-40.523,-13.860,-2.109,1.596,9.423,10.571,19.416,27.410,13.000,-0.000,-0.000,0.000,-166.737,215.744
100824.353,301.913,1.163,10.063,58.901,-0.568,38.434,-60.083,-39.977,-37.583,-38.860,-40.989,-40.468,-41.525,-40.969,-14.277,-2.425,1.383,8.899,11.723,18.586,27.185,13.000,-0.000,-0.000,0.000,-166.737,215.734
100824.353,301.910,1.163,10.076,59.059,-0.568,38.326,-60.306,-39.870,-37.479,-38.645,-41.197,-40.575,-40.134,-41.639,-14.485,-2.530,1.490,9.737,10.885,19.209,26.508,13.000,-0.000,-0.000,0.000,-166.720,215.744
100836.448,301.912,1.164,10.062,58.901,-0.889,38.109,-59.079,-40.832,-37.792,-38.860,-41.300,-41.215,-40.348,-40.300,-14.902,-2.636,1.383,8.690,11.723,19.001,26.959,13.000,-0.000,-0.000,0.000,-166.672,215.724
100840.479,301.917,1.164,10.062,58.901,-0.248,38.109,-59.525,-40.191,-37.792,-38.752,-41.203,-41.536,-40.883,-39.965,-13.756,-2.530,1.490,9.004,10.467,19.520,26.734,13.000,-0.000,-0.000,0.000,-166.639,215.724
100832.416,301.915,1.163,10.056,58.822,-0.568,38.434,-59.414,-39.977,-37.270,-39.076,-40.891,-41.215,-41.632,-40.411,-13.651,-1.898,1.596,9.527,11.723,18.586,26.621,13.000,-0.000,-0.000,0.000,-166.639,215.754
100832.416,301.910,1.163,10.062,58.901,-0.408,38.543,-59.079,-39.550,-37.688,-38.321,-41.514,-41.002,-39.813,-42.086,-13.339,-1.582,2.022,9.737,11.618,19.935,26.621,13.000,-0.000,-0.000,0.000,-166.639,215.734
100836.448,301.913,1.164,10.062,58.901,-0.728,38.109,-58.856,-40.512,-36.957,-38.537,-40.891,-41.215,-39.920,-39.407,-15.006,-2.109,1.383,9.527,10.990,19.312,26.846,13.000,-0.000,-0.000,0.000,-166.623,215.734
100824.353,301.912,1.163,10.049,58.743,-0.568,38.109,-58.522,-39.443,-38.105,-38.645,-40.684,-40.575,-40.455,-40.300,-14.066,-3.163,1.703,9.842,10.990,19.312,27.298,13.000,-0.000,-0.000,0.000,-166.606,215.724
100828.385,301.910,1.163,10.056,58.822,-0.568,39.409,-59.302,-39.763,-37.166,-38.752,-40.891,-40.575,-40.669,-39.965,-14.170,-2.531,0.851,9.423,11.304,19.001,27.072,13.000,-0.000,-0.000,0.000,-166.574,215.734
100828.385,301.909,1.163,10.042,58.664,-0.408,39.084,-58.634,-39.977,-36.957,-37.565,-41.203,-40.895,-41.204,-40.858,-14.274,-1.793,2.022,9.527,11.513,19.312,26.282,13.000,-0.000,-0.000,0.000,-166.541,215.754
100824.353,301.913,1.163,10.042,58.664,-0.248,38.651,-58.522,-39.763,-37.375,-38.321,-40.788,-41.856,-41.311,-40.858,-13.962,-1.265,2.341,9.842,11.409,19.935,27.862,13.000,-0.000,-0.000,0.000,-166.541,215.734
100820.322,301.910,1.163,10.049,58.743,-0.248,38.218,-59.191,-39.550,-38.210,-38.429,-40.788,-41.215,-41.204,-42.198,-13.337,-2.425,1.915,9.423,11.513,19.520,27.298,13.000,-0.000,-0.000,0.000,-166.525,215.724
100832.416,301.912,1.163,10.049,58.743,-0.728,38.867,-59.637,-40.084,-37.270,-39.400,-41.099,-41.002,-40.990,-42.309,-14.274,-1.371,1.383,9.842,11.513,19.312,27.185,13.000,-0.000,-0.000,0.000,-166.525,215.744
100828.385,301.917,1.163,10.049,58.743,-0.248,37.893,-59.079,-40.725,-38.210,-38.213,-41.929,-41.108,-41.525,-42.421,-14.587,-2.215,1.596,8.690,11.932,19.416,26.395,13.000,-0.000,-0.000,0.000,-166.459,215.734
100836.448,301.915,1.164,10.049,58.743,0.072,37.893,-59.525,-40.512,-38.001,-39.184,-41.410,-42.283,-41.739,-42.644,-14.900,-2.215,1.596,9.318,11.095,19.312,26.846,13.000,-0.000,-0.000,0.000,-166.427,215.734
100828.385,301.913,1.163,10.062,58.901,-0.248,37.243,-59.748,-40.405,-38.001,-38.860,-41.618,-41.963,-42.702,-42.979,-14.274,-2.953,1.596,9.842,11.723,19.520,27.523,13.000,-0.000,-0.000,0.000,-166.427,215.744
100832.416,301.917,1.163,10.062,58.901,-0.088,38.001,-61.309,-41.046,-38.419,-39.508,-42.656,-42.497,-42.702,-44.319,-13.754,-1.476,1.490,10.156,11.932,19.728,27.523,13.000,-0.000,-0.000,0.000,-166.394,215.734
100824.353,301.912,1.163,10.042,58.664,-0.088,37.568,-60.417,-41.367,-38.836,-39.508,-43.278,-42.497,-42.167,-45.323,-14.483,-1.793,2.235,9.632,11.304,20.143,27.298,13.000,-0.000,-0.000,0.000,-166.378,215.734
100828.385,301.909,1.163,19.973,232.055,-1.209,143.560,-216.700,-172.950,-173.197,-175.412,-174.230,-170.413,-170.382,-180.623,-45.331,-1.792,24.900,43.554,58.299,90.748,126.111,13.000,-0.000,-0.000,0.000,-168.906,215.734
100832.416,301.904,1.164,19.952,231.581,-1.529,146.483,-213.132,-169.636,-170.901,-175.627,-172.258,-168.812,-170.275,-177.497,-46.894,-2.952,23.623,43.764,56.729,89.917,123.967,13.000,-0.000,-0.000,0.000,-168.922,215.734
100828.385,301.909,1.163,19.962,231.818,-1.209,147.133,-212.240,-168.246,-169.752,-173.576,-172.051,-171.588,-175.305,-180.846,-45.956,-3.163,23.304,42.926,57.776,88.256,123.291,13.000,-0.000,-0.000,0.000,-168.889,215.734
100832.416,301.909,1.164,19.965,231.897,-1.209,145.942,-214.581,-170.277,-171.109,-174.764,-172.673,-169.559,-169.526,-178.502,-46.582,-2.425,23.304,43.135,57.252,89.502,123.742,13.000,-0.000,-0.000,0.000,-168.873,215.744
100840.479,301.909,1.164,19.968,231.976,-1.049,145.834,-214.024,-171.346,-170.587,-174.764,-172.570,-169.346,-169.740,-172.474,-45.435,-2.109,24.474,42.821,58.718,90.644,125.547,13.000,-0.000,-0.000,0.000,-168.906,215.734
100848.542,301.907,1.164,19.971,232.055,-1.209,146.050,-215.808,-171.453,-172.988,-174.440,-171.142,-167.851,-167.278,-171.246,-42.726,0.106,25.858,45.544,58.508,92.305,126.900,13.000,-0.000,-0.000,0.000,-168.873,215.734
100844.511,301.905,1.164,19.974,232.134,-1.209,144.534,-220.935,-174.339,-176.224,-177.571,-170.208,-166.996,-168.349,-166.780,-42.517,-0.316,25.645,45.439,59.136,92.409,127.239,13.000,-0.000,-0.000,0.000,-168.873,215.754
100836.448,301.909,1.164,19.972,232.055,-1.049,142.802,-223.053,-174.980,-176.015,-178.542,-171.868,-166.569,-164.924,-166.892,-42.830,-0.316,24.794,45.125,59.555,92.409,127.239,13.000,-0.000,-0.000,0.000,-168.841,215.754
100840.479,301.907,1.164,19.971,232.055,-1.369,141.503,-220.043,-176.049,-174.867,-177.895,-173.944,-168.598,-168.027,-161.423,-42.622,0.317,25.539,44.811,59.660,91.890,127.915,13.000,-0.000,-0.000,0.000,-168.857,215.713
100844.511,301.904,1.164,19.971,232.055,-1.209,140.745,-218.594,-174.660,-177.477,-175.520,-171.765,-169.986,-169.526,-165.107,-41.052,0.211,26.283,46.381,59.346,93.344,129.720,13.000,-0.000,-0.000,0.000,-168.841,215.744
100848.542,301.902,1.164,19.967,231.976,-1.369,138.580,-218.037,-175.087,-178.208,-177.787,-174.152,-169.559,-167.278,-164.325,-41.156,1.585,27.454,46.800,61.125,93.447,130.510,13.000,-0.000,-0.000,0.000,-168.775,215.775
100824.353,301.905,1.163,19.976,232.134,-1.369,138.255,-216.922,-175.301,-177.581,-176.599,-175.501,-171.908,-170.489,-165.888,-40.948,1.056,27.241,46.590,61.125,94.174,129.043,13.000,-0.000,-0.000,0.000,-168.775,215.734
100840.479,301.907,1.164,19.975,232.134,-1.369,138.255,-214.247,-174.980,-176.120,-177.139,-176.435,-173.616,-172.415,-177.052,-42.302,1.056,26.390,46.172,60.183,93.240,128.367,13.000,-0.000,-0.000,0.000,-168.726,215.744
100832.416,301.907,1.164,19.969,231.976,-1.209,139.013,-211.683,-172.736,-175.285,-174.764,-174.152,-172.442,-172.415,-178.391,-42.615,-0.844,25.858,45.230,59.555,92.928,127.239,13.000,-0.000,-0.000,0.000,-168.726,215.744
100840.479,301.907,1.164,19.971,232.055,-1.369,141.178,-208.450,-170.170,-172.048,-176.707,-173.944,-170.413,-169.419,-174.149,-44.386,-1.265,24.155,44.183,59.136,90.333,124.983,13.000,-0.000,-0.000,0.000,-168.694,215.734
100848.542,301.915,1.164,19.974,232.134,-1.049,142.910,-203.657,-168.353,-170.587,-171.850,-172.803,-173.189,-174.128,-172.586,-44.491,-1.371,24.687,43.450,58.508,90.852,123.065,13.000,-0.000,-0.000,0.000,-168.710,215.724
100844.511,301.913,1.164,19.981,232.292,-1.049,146.050,-201.762,-165.681,-168.081,-170.986,-169.274,-167.530,-168.348,-177.052,-45.741,-1.582,24.581,44.078,57.671,90.125,123.855,13.000,-0.000,-0.000,0.000,-168.694,215.754
100832.416,301.912,1.163,19.979,232.213,-1.049,147.999,-198.864,-162.795,-166.933,-168.180,-166.368,-168.171,-168.027,-170.689,-44.282,-1.898,24.687,44.392,58.194,90.540,123.403,13.000,-0.000,-0.000,0.000,-168.694,215.744
100836.448,301.909,1.164,19.975,232.134,-1.369,151.463,-197.972,-161.084,-165.471,-167.424,-169.793,-166.462,-164.496,-166.893,-43.865,-0.633,24.794,44.601,58.090,90.644,123.742,13.000,-0.000,-0.000,0.000,-168.661,215.734
100840.479,301.905,1.164,19.978,232.213,-1.369,153.304,-196.188,-160.229,-164.845,-166.884,-166.783,-163.580,-164.817,-167.005,-44.595,-1.265,25.219,44.183,57.880,90.229,122.952,13.000,-0.000,-0.000,0.000,-168.580,215.744
100836.448,301.912,1.164,29.887,519.645,-4.891,323.439,-444.769,-395.756,-397.132,-363.725,-360.862,-361.434,-360.670,-368.107,-90.544,2.324,64.272,103.546,137.112,210.256,289.219,13.000,-0.000,-0.000,0.000,-164.046,215.744
100844.511,301.907,1.164,29.883,519.566,-4.891,320.732,-452.237,-401.100,-399.846,-363.509,-365.117,-365.812,-366.556,-370.116,-88.773,2.430,65.230,103.336,137.740,211.087,290.911,13.000,-0.000,-0.000,0.000,-164.029,215.734
100840.479,301.904,1.164,29.874,519.250,-4.891,319.866,-452.906,-403.023,-401.934,-364.481,-361.070,-360.046,-357.673,-369.558,-88.669,3.275,65.655,104.907,138.787,211.917,293.054,13.000,-0.000,-0.000,0.000,-164.046,215.734
100852.574,301.904,1.164,29.877,519.408,-4.891,321.165,-453.352,-400.993,-398.175,-358.111,-351.210,-350.756,-350.396,-365.763,-85.855,4.754,67.677,107.105,141.194,214.929,295.761,13.000,-0.000,-0.000,0.000,-164.062,215.734
100840.479,301.907,1.164,29.877,519.329,-4.571,325.280,-454.467,-398.000,-395.356,-361.510,-357.749,-348.834,-348.255,-355.941,-84.605,6.022,66.932,107.210,140.880,214.409,293.505,13.000,-0.000,-0.000,0.000,-164.029,215.724
100828.385,301.904,1.163,29.881,519.408,-4.891,324.413,-452.349,-397.466,-397.757,-362.698,-361.485,-355.668,-352.215,-356.387,-86.168,4.860,67.677,106.791,140.147,213.163,293.505,13.000,-0.000,-0.000,0.000,-164.029,215.713
100836.448,301.910,1.164,29.875,519.250,-4.571,323.547,-451.568,-395.222,-394.312,-362.158,-361.381,-353.640,-347.720,-347.570,-87.627,4.437,65.868,106.163,138.368,213.163,291.588,13.000,-0.000,-0.000,0.000,-163.997,215.744
100836.448,301.912,1.164,29.875,519.250,-4.571,320.732,-456.139,-400.993,-401.515,-362.374,-364.598,-359.085,-360.777,-352.369,-86.897,3.803,66.400,105.640,140.357,213.163,295.648,13.000,-0.000,-0.000,0.000,-164.029,215.744
100836.448,301.912,1.164,29.880,519.408,-4.731,314.993,-460.597,-404.840,-407.466,-370.038,-374.250,-366.667,-360.670,-360.578,-84.397,6.233,67.783,107.524,141.403,215.655,295.987,13.000,-0.000,-0.000,0.000,-164.029,215.744
100844.511,301.907,1.164,29.878,519.408,-4.571,307.521,-466.171,-413.497,-412.164,-372.305,-367.401,-360.901,-364.095,-401.436,-84.722,6.233,68.954,107.210,143.183,216.382,299.484,13.000,-0.000,-0.000,0.000,-164.013,215.775
100836.448,301.910,1.164,29.878,519.329,-4.250,301.349,-475.646,-422.047,-415.505,-372.305,-365.948,-366.133,-366.663,-394.180,-86.285,6.444,68.741,108.048,141.717,217.005,298.581,13.000,-0.000,-0.000,0.000,-164.013,215.734
100844.511,301.904,1.164,29.883,519.566,-4.411,297.451,-488.465,-429.956,-426.362,-380.833,-372.279,-369.229,-370.409,-397.083,-84.722,6.761,69.593,108.676,143.497,217.628,300.386,13.000,-0.000,-0.000,0.000,-163.981,215.724
100844.511,301.907,1.164,29.878,519.408,-4.411,297.343,-487.796,-427.498,-421.977,-379.861,-370.514,-366.987,-366.663,-391.724,-85.973,6.233,68.954,108.991,143.392,217.940,298.581,13.000,-0.000,-0.000,0.000,-163.997,215.734
100836.448,301.912,1.164,29.873,519.171,-4.571,301.241,-481.665,-423.971,-419.785,-378.566,-366.259,-366.560,-366.128,-380.896,-88.161,4.754,67.890,106.897,141.927,215.552,295.874,13.000,-0.000,-0.000,0.000,-163.964,215.724
100836.448,301.904,1.164,29.873,519.171,-4.731,305.356,-476.426,-418.307,-415.609,-374.356,-367.401,-368.161,-365.593,-369.732,-87.327,4.331,66.932,106.583,140.357,214.930,294.520,13.000,-0.000,-0.000,0.000,-163.899,215.744
100832.416,301.902,1.164,29.873,519.171,-4.571,309.146,-473.862,-414.887,-412.477,-374.464,-364.287,-363.997,-366.342,-370.402,-88.890,4.226,66.932,105.850,141.195,212.853,292.040,13.000,-0.000,-0.000,0.000,-163.948,215.734
100840.479,301.904,1.164,29.872,519.171,-4.411,309.748,-472.859,-415.528,-414.461,-374.464,-367.920,-362.609,-362.382,-370.960,-91.392,3.381,66.294,105.536,140.357,212.438,290.009,13.000,-0.000,-0.000,0.000,-163.915,215.734
100840.479,301.902,1.164,29.879,519.408,-4.411,312.454,-468.735,-412.322,-409.972,-373.169,-363.561,-363.997,-364.630,-377.435,-93.059,3.381,66.294,105.640,140.357,213.061,291.701,13.000,-0.000,-0.000,0.000,-163.899,215.734
100836.448,301.905,1.164,29.880,519.408,-4.411,317.110,-469.515,-410.140,-410.702,-368.959,-359.617,-357.697,-355.854,-371.407,-94.309,0.951,65.336,104.489,137.741,211.192,288.656,13.000,-0.000,-0.000,0.000,-163.883,215.724
100844.511,301.907,1.164,29.881,519.487,-4.411,321.007,-472.302,-410.888,-411.539,-371.333,-360.862,-358.658,-365.165,-366.607,-92.642,2.641,64.591,103.442,138.369,209.738,287.866,13.000,-0.000,-0.000,0.000,-163.866,215.765
